"","OTUsID","Genus","G13r1","G13r10","G13r21","G13r22","G13r23","G13r24","G13r25","G13r26","G13r28","G13r29","G13r3","G13r30","G13r5","G1r1","G1r14","G1r4","G1r5","G31r10","G31r12","G31r13","G31r14","G31r20","G31r25","G31r26","G31r28","G31r29","G36r10","G36r11","G36r12","G36r14","G36r16","G36r17","G36r18","G36r2","G36r3","G36r6","G36r8","G36r9","G3r10","G3r11","G3r14","G3r15","G3r16","G3r21","G3r22","G3r25","G3r26","G3r27","G3r28","G3r29","G3r3","G3r5","G3r6","G3r7","G3r8","G3r9","G41r1","G41r2","G41r3","G41r4","G41r6","G41r7","G41r8","G44r11","G44r12","G44r13","G44r15","G44r17","G44r18","G44r2","G44r25","G44r27","G44r28","G44r29","G44r3","G44r4","G44r5","G44r7","G50r16","G50r18","G50r21","G50r22","G50r24","G50r27","G50r4","G50r6","G62r1","G62r19","G62r2","G62r20","G62r21","G62r23","G62r26","G62r27","G62r3","G62r4","G7r22","G7r25","G7r27","G7r3","G7r6","G7r7","G7r8"
"1","GTGTCAGCAGCCGCGGTAAGACGGAGGGTGCAAGCGTTGCTCGGAATCACTGGGCGTAAAGGGTCCGCAGGCGGCGAGATAAGTCGGATGTGAAAGCCCGGGGCTCAACCCCGGAACTGCATTCGAAACTGTCTCACTTGAATACGGGAGAGGAGAGTGGAATTCCTGGTGTAGAGGTGAAATTCGTAGATATCAGGAGGAACACCAGTGGCGAAAGCGGCTCTCTGGCCCGATATTGACGCTCATGGACGAAAGCGTGGGTAGCAAACAGGATTAGAAACCCTCGTAGTCC","OM27 clade",0.00310880829015544,0.00774393391843056,0.00236854571293226,0.00130491518051327,0.00601106035104592,0.00794732061762034,0.00267677894267232,0.00299081392864772,0.0172761301468471,0.0011731581417175,0.0055205047318612,0.00375397054576956,0.00199146514935989,0.00957810718358039,0.00276301806588735,0.00828067117018958,0.00227790432801822,0.00631578947368421,0.00307827616534741,0.00104997900041999,0.00344604781391342,0.00340290381125227,0.00345274061286146,0,0,0.000683215668412662,0.00971618511889542,0.0108857001484414,0.0148221343873518,0.0142931392931393,0.0173383317713215,0.00770527329641223,0.00797530228968356,0.00800686302545039,0.00735970561177553,0.00322878228782288,0.0113861386138614,0.00826245443499393,0.00733560387739062,0.0114453021027415,0.0140063424947146,0.0095440084835631,0.00573663624511082,0.00833537631772493,0.0148726997731283,0.015327564894932,0.0110024449877751,0.0128205128205128,0.00954820680018631,0.0166353635631875,0.0100905562742561,0.00907590759075908,0.00997842502696872,0.012745347947999,0.0150127226463104,0.027019796682718,0.00460159844998789,0.00250740825165261,0.00470413468680366,0.00224265530387979,0.00318979266347687,0.00069848661233993,0.00174482006543075,0.00408065290446471,0.00356188780053428,0.00183673469387755,0.00243848370649523,0,0.00883476599808978,0.00310146211785556,0.00582750582750583,0.0087256027554535,0.00824105073396858,0.00367286973555338,0,0.00336700336700337,0.00767148014440433,0.0050383877159309,0.00588565022421525,0.00745257452574526,0.00418041804180418,0.00217601547388781,0.00297414779226722,0.0077319587628866,0.00478687029860953,0.0044280442804428,0.00358851674641148,0.00540009818360334,0.0119867380770212,0.00328484279680901,0.00500922752438703,0.00516164085846237,0.00813648293963255,0.0066928225248096,0.00936580144500937,0.00426552919221541,0.00480161738690927,0.0196408529741863,0.00722623679822123,0.0112980165704243,0.015625,0.0123619147816938,0.0114122681883024
"2","GTGTCAGCAGCCGCGGTAATACAGAGGGTGCAAACGTTGCTCGGAATGACTGGGCGTAAAGCGCGCGTAGGCGGTGGGTTAAGTCGAATGTGAAAGCCCATGGCTCAACCATGGAAGCGCATTCGAAACTGGCTCACTGGAGTCCCGGAGAGGGTGGTGGAATTCCTAGTGTAGAGGTGAAATTCGTAGAGATTAGGAGGAACACCGGTGGCGAAGGCGACCATCTGGACGGGTACTGACGCTGAGGCGCGAAAGCGTGGGGAGCAAACAGGATTAGAAACCCCCGTAGTCC","P3OB-42",0,0,0,0,0,0,0,0,0.0103656780881083,0,0,0,0.000568990042674253,0.00114025085518814,0,0,0,0,0,0.00125997480050399,0,0.00317604355716878,0,0,0,0.000227738556137554,0,0,0,0.00467775467775468,0.0014058106841612,0.00144473874307729,0,0.000285959393766085,0,0.00622693726937269,0.00346534653465347,0,0,0.00212935853074261,0,0,0.00182529335071708,0,0,0.00173053152039555,0,0,0,0.00536624631070566,0,0.00385038503850385,0,0.00280397654855978,0,0,0,0,0,0,0.00292397660818713,0.00232828870779977,0.000872410032715376,0,0,0,0,0,0,0,0,0,0,0,0,0,0,0,0,0,0,0,0,0,0,0,0,0,0,0.000703894885030502,0,0,0,0.00207708285252712,0,0,0,0.00168350168350168,0.00667037242912729,0,0.00279017857142857,0,0
"3","GTGTCAGCAGCCGCGGTAATACGAAAGGTGCAAGCGTTAATCGGAATTACTGGGCGTAAAGCGCGCGTAGGCGGCTTGGTAAGTTGGATGTGAAAGCCCCGGGCTCAACCTGGGAACTGCATCCAAAACTGCCTAGCTAGAGTATGGTAGAGGATGGCGGAATTTCCTGTGTAGCGGTGAAATGCGTAGATATAGGAAGGAACATCAGTGGCGAAGGCGGCCATCTGGACCAATACTGACGCTGAGGTGCGAAAGCGTGGGGAGCAAACAGGATTAGAAACCCTCGTAGTCC","Litoricola",0.00906735751295337,0.0263293753226639,0.00284225485551871,0.00347977381470204,0.0122625631161337,0.009763851044505,0.0129377648895829,0.00833155308694723,0.0152605816297149,0.00727358047864852,0.0115667718191377,0.0135720473577823,0.00739687055476529,0.00342075256556442,0.00191285866099894,0.00631945957724995,0.00331331538620832,0.0160526315789474,0.00549692172383465,0.00377992440151197,0.0038768037906526,0.00839382940108893,0,0.00788408267632644,0,0.00455477112275108,0.0127844541038098,0.00915388421573479,0.0123517786561265,0.0109147609147609,0.0187441424554827,0.00650132434384782,0.00540262413172112,0.0108664569631112,0.00574977000919963,0.0159132841328413,0.00495049504950495,0.01044957472661,0.0162431228713649,0.0103806228373702,0.016384778012685,0.00901378579003181,0.00808344198174707,0.0178965432704094,0.0133602218300983,0.0145859085290482,0.0058679706601467,0.011025641025641,0,0.0155621143010464,0.0139715394566624,0.00852585258525853,0.00647249190938511,0.0112159061942391,0.011704834605598,0.00749063670411985,0.0186485831920562,0.00455892409391384,0.0190641247833622,0.00381251401659565,0.019404572036151,0.00931315483119907,0.0102508178844057,0.00984157465194431,0.00534283170080142,0.00387755102040816,0.00509864774994458,0,0.00787965616045845,0.00863978732831192,0.00652680652680653,0.00711825487944891,0.0103013134174607,0.00661116552399608,0.00209399720800372,0.0042648709315376,0,0.00743761996161228,0.00952914798206278,0.0040650406504065,0.0066006600660066,0.0089458413926499,0.00411805078929307,0.0152061855670103,0.0084340095737406,0.00713407134071341,0.012200956937799,0.00540009818360334,0.00765110941086458,0.00774284373533552,0.0116003163722647,0.0146699266503667,0.00918635170603675,0.00853911839372259,0.0107037730800107,0.00639829378832311,0.0154157189790245,0.00505050505050505,0.0219566425792107,0.00853627918654281,0.0159040178571429,0.0173592845870594,0.0154065620542083
"4","GTGTCAGCAGCCGCGGTAATACGAAGGGACCTAGCGTAGTTCGGAATTACTGGGCTTAAAGAGTTCGTAGGTGGTTAAAAAAGTTGGTGGTGAAATCCCAGAGCTTAACTCTGGAACTGCCATCAAAACTTTTTAGCTAGAGTATGATAGAGGAAAGCAGAATTTCTAGTGTAGAGGTGAAATTCGTAGATATTAGAAAGAATACCAATTGCGAAGGCAGCTTTCTGGATCATTACTGACGCTGAGGAACGAAAGCATGGGTAGCGAAGAGGATTAGAAACCCCAGTAGTCC","Clade Ib",0.0181347150259067,0,0.000710563713879678,0,0.00504929069487858,0,0,0,0,0.00774284373533552,0.0197160883280757,0,0.00796586059743954,0.00843785632839225,0.000425079702444208,0.00958814556548268,0,0,0.0079155672823219,0.00314993700125997,0,0.00476406533575318,0.00345274061286146,0.00575324952056254,0,0.00432703256661353,0.00997187420097162,0.00346363186541316,0.0135869565217391,0.0122141372141372,0,0.00650132434384782,0.00308721378955493,0.0120102945381756,0,0,0,0,0.0172910662824208,0.00958211338834176,0.0171775898520085,0.0145811240721103,0.0234680573663625,0,0.00302495588606,0,0.00831295843520782,0.0207692307692308,0.0114112715416861,0.0238797960826402,0.0209573091849935,0.0167766776677668,0.0159115426105717,0.0242161611011981,0.0180661577608142,0.00214018191546281,0.00363284088156939,0.000911784818782767,0,0,0.00691121743753323,0,0,0.00600096015362458,0.00578806767586821,0,0.00665041010862337,0,0,0.0110766504209127,0,0,0,0,0.0116333178222429,0.00785634118967452,0,0.00839731285988484,0.0198991031390135,0,0,0.00749516441005803,0.00754975978037062,0.0185567010309278,0.0127649874629587,0.0019680196801968,0.0203349282296651,0.0108001963672067,0.0124968120377455,0.01407789770061,0.0150276825731611,0.0184732409671285,0.0094488188976378,0.0180013847219017,0.0302381589510302,0.0119968008531058,0.0214809198888046,0.00308641975308642,0.0152862701500834,0,0.0357142857142857,0,0.0547788873038516
"5","GTGTCAGCAGCCGCGGTAATACGAAGGGACCTAGCGTAGTTCGGAATTACTGGGCTTAAAGAGTTCGTAGGTGGTTGAAAAAGTTGGTGGTGAAATCCCAGAGCTTAACTCTGGAACTGCCATCAAAACTTTTCAGCTAGAGTATGATAGAGGAAAGCAGAATTTCTAGTGTAGAGGTGAAATTCGTAGATATTAGAAAGAATACCAATTGCGAAGGCAGCTTTCTGGATCATTACTGACACTGAGGAACGAAAGCATGGGTAGCGAAGAGGATTAGAAACCCCCGTAGTCC","Clade Ia",0.0650259067357513,0.00387196695921528,0.00663192799621033,0.0126141800782949,0.00793459966338062,0,0.016729868391702,0.00491348002563555,0,0.0208822149225716,0.0478443743427971,0.000577533930118394,0.0298719772403983,0.0298745724059293,0.00233793836344315,0.0196121159293964,0,0.00210526315789474,0.0140721196130167,0.00734985300293994,0.00452293775576136,0.0151996370235935,0.00410012947777298,0.0089494992542084,0.00539531023033824,0.012753359143703,0.0406545640501151,0.0116279069767442,0.0432312252964427,0.0423596673596674,0.0278819119025305,0.0173368649169275,0.0120915873424235,0.0566199599656849,0.00873965041398344,0,0.0358910891089109,0.016767922235723,0.0458475242336914,0.0250199627362257,0.0465116279069767,0.0387062566277837,0.0758800521512386,0.0360382446678107,0.0141164608016133,0.0150803461063041,0.0251833740831296,0.0541025641025641,0.0165346995808104,0.0367587872283338,0.0589909443725744,0.0588558855885589,0.0485436893203883,0.0532755544226357,0.0338422391857506,0.0203317281968967,0.0498910147735529,0.018463642580351,0.0349096310968061,0.0230993496299619,0.049973418394471,0.0235157159487776,0.00959651035986914,0.0405664906385022,0.0091273374888691,0.00387755102040816,0.0148525825759255,0.00727994705493051,0,0.0316792202038104,0.00652680652680653,0.00275545350172216,0,0.00269343780607248,0.0602605863192182,0.0462401795735129,0.0282039711191336,0.0100767754318618,0.0930493273542601,0.0411020776874435,0.0305830583058306,0.0333655705996132,0.0105239075726378,0.0528350515463918,0.0250740825165261,0.0118081180811808,0.0430622009569378,0.0586647029945999,0.0372353991328743,0.0450492726419521,0.0474558397047192,0.0991578375441456,0.0259842519685039,0.0593122547888299,0.110784051378111,0.0437216742202079,0.0404346727318676,0.02665544332211,0.038076709282935,0.0409239266884258,0.0845424107142857,0.0412940557601262,0.100713266761769
"6","GTGTCAGCAGCCGCGGTAATACGAAGGGGGCAAGCGTTACTCGGAATTATTGGGCGTAAAGCGTGCGTAGGCGGTTTTATAAGTTGAAAGTGAAAGCCTTTGGCTCAACCAAAGAATTGCTTACAAAACTGTAAAACTAGAGTATTAGAGAGGATAGAAGAATTCCTGATGTAGGGGTGAAATCCGTAGATATCAGGAGGAATATCGAAGGCGAAAGCATCTGTCTGGCTAAATACTGACGCTGTTGCACGAAAGCGTGGGGAGCAAACAGGATTAGAAACCCCCGTAGTCC","MD3-55",0.294818652849741,0.112803304078472,0.572951207958314,0.48651587646803,0.346717961048329,0.345594913714805,0.383002453714031,0.683614612262337,0.121220846530377,0.580244016893477,0.293901156677182,0.036673404562518,0.386344238975818,0.629418472063854,0.764718384697131,0.692089779908477,0.749016359494719,0.0544736842105263,0.614775725593668,0.778454430911382,0.754253715270299,0.371597096188748,0.684721622788088,0.77860643511613,0.812201701597842,0.771122751081758,0.0053694707236001,0.00791687283523008,0.0066699604743083,0.0137733887733888,0.0112464854732896,0.0238381892607753,0.00308721378955493,0.00657706605661996,0.00574977000919963,0,0,0.00218712029161604,0.00497773120251506,0.00186318871439979,0.0100422832980973,0.00662778366914104,0.0182529335071708,0.0024515812699191,0.00403327451474666,0.00222496909765142,0.00440097799511002,0.0058974358974359,0.0111783884489986,0.00617118325731151,0.018111254851229,0.0173267326732673,0.0153721682847896,0.0270201376497578,0.00407124681933842,0.00401284109149278,0.462097360135626,0.628675632550718,0.305025996533795,0.5671675263512,0.136363636363636,0.439813736903376,0.566848418756816,0.395823331733077,0.539848619768477,0.723469387755102,0.596985147417424,0.300683873814251,0.0864374403056351,0.5279131590607,0.156410256410256,0.372215843857635,0.0303888745815091,0.172380019588639,0.346905537459283,0.546127946127946,0.370938628158845,0.175863723608445,0.149383408071749,0.229674796747967,0.551595159515952,0.198742746615087,0.285975749256463,0.179123711340206,0.571689081376795,0.208856088560886,0.322488038277512,0.423907707412862,0.245855649069115,0.541060534960113,0.25863432639072,0.204292311871774,0.328871391076115,0.450265405031156,0.149317634466149,0.533990935750467,0.00581248420520596,0.00336700336700337,0.000555864369093941,0.00251067034898318,0,0,0.00370898716119829
"7","GTGTCAGCAGCCGCGGTAATACGAAGGGGGCGAGCGTTGTTCGGAATTACTGGGCGTAAAGGGCGCGTAGGCGGTCTTTTAAGTTAGGCGTGAAAGCCCCGGGCTCAACCTGGGAACTGCGCTTAAGACTGGAAGACTAGAAAACGGAAGAGGGTAGTGGAATTCCCAGTGTAGAGGTGAAATTCGTAGATATTGGGAAGAACACCAGTGGCGAAAGCGGCTACCTGGTCCGATTTTGACGCTGAGGCGCGAAAGCGTGGGGAGCAAACAGGATTAGAAACCCCCGTAGTCC","Candidatus Puniceispirillum",0.00725388601036269,0,0.00307910942681194,0,0.00336619379658572,0,0,0,0,0.00492726419521351,0.00736067297581493,0.000288766965059197,0.00568990042674253,0.00342075256556442,0.00191285866099894,0,0,0.00526315789473684,0,0.00188996220075598,0,0.00408348457350272,0,0,0,0.00250512411751309,0.00690360521605727,0.00296882731321128,0.00543478260869565,0.00571725571725572,0,0.00601974476282206,0.00385901723694366,0.00486130969402345,0,0,0,0,0.0123133350799057,0.00558956614319936,0.00687103594080338,0.00689289501590668,0.0135593220338983,0.0120127482226036,0,0,0.00929095354523227,0.00641025641025641,0,0.00992755567480547,0.010608020698577,0.0145764576457646,0.00728155339805825,0,0.0083969465648855,0.00535045478865704,0.0075078711552434,0.00250740825165261,0.00396137657836098,0.00269118636465575,0.00956937799043062,0.00256111757857974,0,0.00600096015362458,0.00356188780053428,0,0.00266016404344935,0,0,0,0.0041958041958042,0,0.00154519701261911,0.000979431929480901,0,0.00246913580246914,0,0.00287907869481766,0.00952914798206278,0,0,0.00531914893617021,0.00594829558453443,0.00541237113402062,0.00934579439252336,0.00516605166051661,0.0114832535885167,0.00466372115856652,0.00433562866615659,0.00281557954012201,0.00500922752438703,0.0103232817169247,0.0068241469816273,0.00623124855758135,0.00776023548300776,0.00373233804318848,0.00833965125094769,0,0.009449694274597,0.0143108209892041,0.0172991071428571,0,0
"8","GTGTCAGCAGCCGCGGTAATACGAAGGTCCCAAGCGTTGTTCGGAATCACTGGGCGTAAAGCGTGTGTAGGCTGCGCGGAAAGTCAAATGTGAAAGCCCGGGGCTCAACCCCGGAACTGCATTCGATACTCCCGTGCTAGAGTAATGGAGAGGCAAGTGGAATTCTCGGTGTAGCAGTGAAATGCGTAGATATCGAGAGGAACATCAATGGCGAAGGCAACTTGCTGGACATTTACTGACGCTCAGACACGAAGGCTAGGGGAGCGAAAGGGATTAGAAACCCTCGTAGTCC","Roseibacillus",0,0,0.00592136428233065,0,0.000240442414041837,0.000681198910081744,0,0,0.0077742585660812,0.000938526513374003,0,0.000288766965059197,0.00825035561877667,0,0,0.000871649596862061,0,0,0.00131926121372032,0,0,0.000680580762250454,0.000863185153215365,0,0,0.00113869278068777,0,0.000989609104403761,0.00172924901185771,0.0038981288981289,0.00585754451733833,0.00553816518179629,0.00360174942114741,0.00171575636259651,0,0,0,0.00170109356014581,0,0.00106467926537131,0.00343551797040169,0.00106044538706257,0,0,0,0,0.00146699266503667,0.000769230769230769,0,0,0.000258732212160414,0,0.00269687162891046,0,0.00763358778625954,0.0109684323167469,0.00799224993945265,0.00478687029860953,0.014112404060411,0.00470957613814757,0.00824029771398192,0.00651920838183935,0.00501635768811341,0,0,0,0,0,0,0,0.000466200466200466,0,0,0.000489715964740451,0,0,0,0.000479846449136276,0.00112107623318386,0,0,0,0.00183024479524136,0,0,0.000984009840098401,0.000956937799043062,0,0.0160673297628156,0.000469263256687001,0,0,0.0005249343832021,0,0.00187316028900187,0.000266595574513463,0.00151630022744503,0.00448933782267116,0.000555864369093941,0.00477027366306804,0.000837053571428571,0.00289321409784324,0
"9","GTGTCAGCAGCCGCGGTAATACGAGAGGTCCGAGCGTTACGCGGAATTACTGGGCTTAAAGCGTACGTAGGCGGATCTACAGGTATCCTGTGAAAGCCCACGGCTCAACCGTGGAATTGCAGGGTAAACCGTAGATCTTGAGGTGGCTAGGGGCTCTCGGAACGGTAGGTGGAGTGGTGAAATGCGTTGATATCTACCGGAACGCCAAAGGGGAAGCCAGGGAGCTGGGGCCATTCTGACGCTGAGGTACGAAAGCGTGGGTAGCGAACGGGATTAGAAACCCTCGTAGTCC","Urania-1B-19 marine sediment group",0.00673575129533679,0.0340733092410945,0.00971103742302226,0.0102218355806873,0.0161096417408031,0.0172570390554042,0.0129377648895829,0,0.0872444572415779,0.00938526513374003,0.00814931650893796,0.083453652902108,0.0113798008534851,0.00342075256556442,0.00658873538788523,0.00610154717803443,0.00248498653965624,0.025,0.00703605980650836,0.00587988240235195,0.00904587551152272,0.0147459165154265,0.00647388864911524,0.00234391647134029,0,0.00250512411751309,0.019688059319867,0.0188025729836714,0.0143280632411067,0.0148128898128898,0.0119493908153702,0.0161329159643631,0.0136351942372009,0.0131541321132399,0.0140294388224471,0.0244464944649446,0.0205445544554455,0.018955042527339,0.010741419963322,0.0178333776949694,0.0177061310782241,0.0095440084835631,0.0109517601043025,0.0196126501593528,0.0191580539450466,0.0239802224969098,0.0102689486552567,0.0164102564102564,0.0214252445272473,0.01422055272337,0.00698576972833118,0.014026402640264,0.0164509169363538,0.0191180219219985,0.0201017811704835,0.0353130016051364,0.00290627270525551,0.00410303168452245,0.00371379054221342,0.00269118636465575,0.00425305688463583,0.00488940628637951,0,0.0112818050888142,0.00801424755120214,0.00448979591836735,0.00421192640212813,0.0114714317229208,0.0331900668576886,0.00620292423571112,0.0146853146853147,0.017451205510907,0.0285861447334535,0.0171400587659158,0.00139599813866915,0.00471380471380471,0.00496389891696751,0.020873320537428,0.00672645739910314,0.00948509485094851,0.00814081408140814,0.00822050290135396,0.00732097918096545,0.0198453608247423,0.00410303168452245,0.00934809348093481,0.00669856459330144,0.00294550810014728,0.0214231063504208,0.00281557954012201,0.0079093066174532,0.0054333061668025,0.0175853018372703,0.00484652665589661,0.00668985817500669,0.00399893361770195,0.0154157189790245,0.0395622895622896,0.00861589772095609,0.0183278935475772,0.0103236607142857,0.0239347711730668,0.0134094151212553
"10","GTGTCAGCAGCCGCGGTAATACGGAGACCTCGAGCGTTACTCGGATTCACTGGGCGTAAAGGGTGAGTAGGCGGCCATGTATGTCGGGTGTGAAATCCCGGGGCTTAACCCCGGAACTGCGCCCGAAACTACTTGGCTAGAGTCTCGGAGAGGATAGTGGAATTCCAGGTGTAGCGGTGAAATGCGTAGATATCTGGAGGAACACCAGTGGCGAAGGCGACTGTCTGGACGAGAACTGACGCTCAATCACGAAAGCGTGGGTAGCGAAAGGGATTAGAAACCCCCGTAGTCC","MB11C04 marine group",0.00155440414507772,0.00361383582860093,0.000710563713879678,0.000434971726837756,0.00216398172637653,0.00272479564032698,0.00178451929511488,0,0,0.001407789770061,0.00210304942166141,0.00173260179035518,0.00142247510668563,0.00136830102622577,0,0.000435824798431031,0,0,0,0.000209995800083998,0,0,0,0,0,0,0.00178982357453337,0.00148441365660564,0.000741106719367589,0.00155925155925156,0,0,0,0.00114383757506434,0,0,0,0,0.00183390096934766,0.00212935853074261,0.00317124735729387,0.00397667020148462,0,0.00514832066683011,0.00428535417191833,0.00222496909765142,0.00220048899755501,0.00256410256410256,0,0,0.000776196636481242,0,0.0040453074433657,0,0.00229007633587786,0.000802568218298555,0,0,0,0,0.00186071238702818,0,0,0.00072011521843495,0.00155832591273375,0,0,0,0.00167144221585482,0.00110766504209127,0.00466200466200466,0.00298507462686567,0.00180272984805563,0.000734573947110676,0,0,0.00225631768953069,0.00383877159309021,0,0.0022583559168925,0.00154015401540154,0,0,0,0,0.0022140221402214,0.00263157894736842,0.00196367206676485,0,0.001407789770061,0.00237279198523596,0.00190165715838087,0.0010498687664042,0,0.00107037730800107,0.000266595574513463,0,0.00308641975308642,0.00250138966092273,0.00301280441877981,0,0.00263019463440295,0
"11","GTGTCAGCAGCCGCGGTAATACGGAGACTGCAAGCGTTACTCGGATTCACTGGGCGTAAAGGGTGCGTAGGCCGCTAAGTGTGTCAGGTGTGAAATCTCGGGGCTCAACCTCGAAACTGCGCCTGAAACTACTTAGCTTGAGTTTCGGAGAGGTAAGCGGAATTTCTGGTGTAGCGGTGAAATGCGTAGATATCAGAAGGAACACCAATGGCGAAGGCAGCTTACTGGACGACAACTGACGCTGAGGCACGAAAGCGTGGGTAGCGAAAGGGATTAGAAACCCCCGTAGTCC","Coraliomargarita",0.00259067357512953,0.00980898296334538,0.00260540028422549,0.00173988690735102,0.0019235393123347,0.0036330608537693,0.00780727191612759,0.00277718436231574,0.0172761301468471,0.00375410605349601,0.00420609884332282,0.0329194340167485,0.00512091038406828,0.0031927023945268,0,0.00522989758117237,0,0.00473684210526316,0.00395778364116095,0,0,0.00204174228675136,0.00151057401812689,0,0,0.00204964700523799,0.00434671439529532,0.00395843641761504,0.00617588932806324,0,0.00445173383317713,0.004093426438719,0.00257267815796244,0.00285959393766085,0,0.00438191881918819,0.00891089108910891,0.00461725394896719,0.0117893633743778,0.00665424540857067,0.0103065539112051,0,0.00365058670143416,0,0.00806654902949332,0.0069221260815822,0.00244498777506112,0.00743589743589744,0,0,0,0.00467546754675468,0.00593311758360302,0.00764720876879939,0.00610687022900763,0.00508293204922418,0.000726568176313877,0,0,0.000672796591163938,0.00239234449760766,0.00069848661233993,0.00239912758996728,0.00840134421507441,0.00356188780053428,0.0026530612244898,0.00332520505431168,0.00727994705493051,0.0133715377268386,0.00376606114311032,0.00326340326340326,0.00849598163030999,0.00927118207571465,0.00416258570029383,0.00186133085155886,0.00202020202020202,0.00654332129963899,0.00719769673704415,0.0070067264573991,0.0040650406504065,0,0.00797872340425532,0,0.0095360824742268,0.00319124686573969,0.003690036900369,0.00430622009569378,0.00270004909180167,0.00918133129303749,0.00563115908024402,0.00105457421566043,0.00516164085846237,0.0083989501312336,0.00300023078698361,0,0.00133297787256732,0.00581248420520596,0.0148709315375982,0.00444691495275153,0,0.00864955357142857,0,0.00884450784593438
"12","GTGTCAGCAGCCGCGGTAATACGGAGGATCCAAGCGTTATCCGGAATCATTGGGTTTAAAGGGTCCGTAGGCGGTCTGATAAGTCAGAGGTGAAATCCTGCAGCTCAACTGTAGCATTGCCTTTGATACTGTTAGACTTGAGTTATTGTGAAGTAGTTAGAATGTGTGGTGTAGCGGTGAAATGCATAGATATTACACAGAATACCGATTGCGAAGGCAGATTACTAACAATATACTGACGCTGAGGGACGAAAGCGTGGGTAGCGAACAGGATTAGAAACCCTCGTAGTCC","NS5 marine group",0.0896373056994819,0.140681466184822,0.0582662245381336,0.0717703349282297,0.0786246693916807,0.0724341507720254,0.0809725630158376,0.0427259132663961,0.0371436798157213,0.0584232754575317,0.0717665615141956,0.160843199537973,0.0438122332859175,0.0307867730900798,0.0227417640807651,0.0302898234909566,0.0256781942431145,0.186578947368421,0.0521108179419525,0.0327593448131037,0.0391987938832651,0.0812159709618875,0.063875701337937,0.0434689963775836,0.0350695164971986,0.020951947164655,0.145742776783431,0.0848589807026225,0.115859683794466,0.12993762993763,0.0859887535145267,0.0842764266795088,0.110110625160792,0.121532742350586,0.107635694572217,0.142988929889299,0.163118811881188,0.117375455650061,0.0951008645533141,0.0926270960873037,0.0940803382663848,0.0896076352067869,0.0962190352020861,0.0889924000980633,0.0768842954373582,0.106798516687268,0.0938875305623472,0.0925641025641026,0.0826734979040522,0.0740541990877381,0.0783958602846054,0.0811331133113311,0.087378640776699,0.100433341830232,0.0694656488549618,0.036115569823435,0.114797771857593,0.0920902666970595,0.149541965833127,0.098228302309935,0.164540138224349,0.118044237485448,0.0872410032715376,0.0456072971675468,0.0391807658058771,0.0151020408163265,0.0383506982930614,0.0829472755349658,0.0904966571155683,0.0456357997341604,0.0578088578088578,0.0610792192881745,0.0870460983775431,0.0886385896180216,0.0223359702187064,0.0469135802469136,0.0471570397111913,0.0837332053742802,0.086322869955157,0.0453929539295393,0.031023102310231,0.0749516441005803,0.0555936856554564,0.0706185567010309,0.0649646683382722,0.100861008610086,0.0715311004784689,0.0454099165439372,0.0640142820709003,0.0323791647114031,0.0553651463221724,0.0567780494430861,0.0553805774278215,0.0549273021001615,0.0727856569440728,0.036256998133831,0.112711650240081,0.0620089786756453,0.0892162312395775,0.0974140095405473,0.076171875,0.127301420305103,0.0721825962910128
"13","GTGTCAGCAGCCGCGGTAATACGGAGGATCCAAGCGTTATCCGGAATCATTGGGTTTAAAGGGTCCGTAGGCGGTTTTTTAAGTCAGAGGTGAAATCCTGCAGCTCAACTGTAGAATTGCCTTTGATACTGAAAGACTTGAGTTATTGTGAAGTGGTTAGAATGTGTGGTGTAGCGGTGAAATGCATAGATATCACACAGAATACCAATTGCGAAGGCAGATCACTAACAATATACTGACGCTCAGGGACGAAAGCGTGGGTAGCGAACAGGATTAGAAACCCCCGTAGTCC","NS4 marine group",0.0225388601036269,0.0304594734124935,0.0111321648507816,0.0137016093953893,0.0163500841548449,0.0236148955495005,0.0220834262770466,0.00961333048493912,0.0109415490930032,0.013608634443923,0.0205047318611987,0.00635287323130234,0.0147937411095306,0.0143671607753706,0.0053134962805526,0.00784484637175855,0.00973286394698695,0.0160526315789474,0.0197889182058048,0.00944981100377992,0.0144303252207624,0.0229128856624319,0.0166163141993958,0.00511399957383337,0.00954554886905997,0.00478250967888864,0.0416773203784198,0.00940128649183572,0.0237154150197628,0.0382016632016632,0.0276476101218369,0.0257645075848784,0.020066889632107,0.0380325993708893,0.0289788408463661,0.0322878228782288,0.0376237623762376,0.0488456865127582,0.0282944720985067,0.0228906042054831,0.0264270613107822,0.0291622481442206,0.0229465449804433,0.0404510909536651,0.01814973531636,0.0163164400494438,0.0256723716381418,0.0294871794871795,0.0165346995808104,0.0297826670244164,0.0217335058214748,0.0313531353135314,0.0283171521035599,0.0359418812133571,0.0239185750636132,0.0109684323167469,0.0247033179946718,0.00911784818782767,0.0267392919039366,0.0159228526575465,0.025518341307815,0.0114086146682189,0.00872410032715376,0.0132021123379741,0.0164737310774711,0.00530612244897959,0.00864553314121038,0.0127950584601809,0.0143266475644699,0.014842711564023,0.0144522144522145,0.00941446613088404,0.00875611640484162,0.0105288932419197,0.0148906468124709,0.0175084175084175,0.0266245487364621,0.0105566218809981,0.0207399103139013,0.0277777777777778,0,0.0128143133462282,0.0150995195607412,0.0311855670103093,0.0145885571005243,0.017220172201722,0.0251196172248804,0.0159548355424644,0.0165774037235399,0.00868137024870953,0.0181914052201424,0.0206465634338495,0.0165354330708661,0.012924071082391,0.0272946213540273,0.00826446280991736,0.029315137730604,0.0176767676767677,0.0197331851028349,0.0346472508159679,0.0270647321428571,0.0260389268805892,0.0268188302425107
"14","GTGTCAGCAGCCGCGGTAATACGGAGGATCCAAGCGTTATCCGGAATCATTGGGTTTAAAGGGTCCGTAGGTGGACAAATAAGTCAGAGGTGAAATCCTGCAGCTCAACTGTAGAACTGCCTTTGATACTGTTTGTCTTGAGTTATTATGAAGTGGTTAGAATGTGTAGTGTAGCGGTGAAATGCATAGATATTACACAGAATACCGATTGCGAAGGCAGATCACTAATAATCAACTGACACTGATGGACGAAAGCGTGGGTAGCGAACAGGATTAGAAACCCCCGTAGTCC","NS2b marine group",0.00647668393782383,0.00335570469798658,0.0054476551397442,0.00326228795128317,0.00553017552296225,0.00317892824704814,0.00535355788534464,0.00128177739799188,0.00489490354160668,0.00328484279680901,0.00315457413249211,0.0101068437770719,0.00113798008534851,0.00182440136830103,0.00212539851222104,0,0.0010354110581901,0.00842105263157895,0.00395778364116095,0,0.00344604781391342,0.0029491833030853,0.00647388864911524,0,0.00332019091097738,0.00136643133682532,0.00843773970851445,0.00197921820880752,0.004199604743083,0.00675675675675676,0,0.00457500601974476,0.00437355286853615,0.00714898484415213,0.00896964121435143,0.0149907749077491,0,0.0136087484811665,0.00288184438040346,0.00718658504125632,0,0.0151113467656416,0.00964797913950456,0,0.00504159314343332,0.00618046971569839,0.00317848410757946,0,0,0,0.00595084087968952,0.00852585258525853,0,0.00892174356359929,0.00229007633587786,0.00294275013376137,0.00266408331315088,0.000683838614087075,0,0.00246692083426777,0.00106326422115896,0.00279394644935972,0,0.00336053768602976,0.00200356188780053,0.000816326530612245,0.00509864774994458,0.00507390249283036,0.00501432664756447,0.00443066016836509,0.00745920745920746,0.00321469575200919,0.00437805820242081,0.0039177277179236,0,0.00538720538720539,0,0.00671785028790787,0.00560538116591928,0.0106142728093948,0,0,0.00411805078929307,0.00180412371134021,0.00250740825165261,0.0039360393603936,0.00311004784688995,0.00343642611683849,0.00178525886253507,0.00234631628343501,0.00369100975481149,0.00570497147514262,0.0073490813648294,0.0057696745903531,0.00428150923200428,0.0021327645961077,0,0.00813692480359147,0.00361311839911062,0,0.00948660714285714,0.00578642819568648,0.00770328102710414
"15","GTGTCAGCAGCCGCGGTAATACGGAGGGGGTTAGCGTTGTTCGGAATTACTGGGCGTAAAGCGCGCGTAGGCGGATTAGAAAGTTGGGGGTGAAATCCCGGGGCTCAACCCCGGAACTGCCTCCAAAACTGCTAGTCTAGAGTTCGAGAGAGGTGAGTGGAATTCCGAGTGTAGAGGTGAAATTCGTAGATATTCGGAGGAACACCAGTGGCGAAGGCGGCTCACTGGCTCGATACTGACGCTGAGGTGCGAAAGTGTGGGGAGCAAACAGGATTAGAAACCCCCGTAGTCC","HIMB11",0.0417098445595855,0.0302013422818792,0.0165798199905258,0.0234884732492388,0.0252464534743929,0.0245231607629428,0.0269908543386125,0.0162358470412305,0.0143967751223726,0.0232285312060066,0.046267087276551,0.00808547502165752,0.0361308677098151,0.023945267958951,0.00722635494155154,0.0222270647199826,0.0155311658728515,0.0192105263157895,0.0175901495162709,0.0146997060058799,0.0107688994184794,0.0279038112522686,0.0183426845058265,0.0129980822501598,0.0153558829632704,0.0084263265770895,0.0263359754538481,0.0267194458189015,0.0508893280632411,0.0345634095634096,0.0625585754451734,0.0303395136046232,0.0496526884486751,0.0363168430082928,0.0250689972401104,0.0417435424354244,0.0408415841584158,0.0216281895504253,0.0508252554362064,0.033803566675539,0.0354122621564482,0.0400318133616119,0.0435462842242503,0.0531993135572444,0.0302495588605999,0.03831891223733,0.0374083129584352,0.0376923076923077,0.0370284117373079,0.0381003488060102,0.0465717981888745,0.0448294829482948,0.0447680690399137,0.049706856997196,0.0353689567430025,0.0214018191546281,0.0699927343182369,0.0521996808753134,0.100767516712057,0.0603274276743664,0.128654970760234,0.0763678696158324,0.0484187568157034,0.0194431108977436,0.0144701691896705,0.00795918367346939,0.0119707381955221,0.0161041253033311,0.00811843361986628,0.0190518387239699,0.0144522144522145,0.0144661308840413,0.0103013134174607,0.0142017629774731,0.0118659841786878,0.0217732884399551,0.0216606498194946,0.0177543186180422,0.038677130044843,0.0474254742547425,0.0187018701870187,0.0362669245647969,0.0334019675131549,0.0329896907216495,0.0166400729427855,0.0214022140221402,0.0260765550239234,0.0282277859597447,0.0326447334863555,0.0229938995776631,0.0334827313472186,0.0396631350176582,0.0225721784776903,0.0230786983614124,0.0353224511640353,0.0261263663023194,0.0442254233004802,0.0286195286195286,0.0478043357420789,0.0617624905849862,0.0463169642857143,0.0420831141504471,0.0573466476462197
"16","GTGTCAGCAGCCGCGGTAATACGGAGGGTGCAAGCGTTAATCGGAATTACTGGGCGTAAAGCGCGCGTAGGCGGTTTGTTAAGTGAGATGTGAAAGCCCAGGGCTCAACCTTGGAACTGCATCTCATACTGGCAGGCTAGAGTACGGTAGAGGGGGGTAGAATTCCACGTGTAGCGGTGAAATGCGTAGAGATGTGGAGGAATACCAGTGGCGAAGGCGGCCCCCTGGATCGATACTGACGCTGAGGTGCGAAAGCGTGGGGAGCAAACAGGATTAGAAACCCGCGTAGTCC","Pseudohongiella",0.00414507772020725,0.00387196695921528,0.00142112742775936,0.00347977381470204,0.00264486655446021,0,0.00401516841400848,0.0021362956633198,0.00374316153181687,0.00281557954012201,0.00315457413249211,0.00577533930118394,0.00113798008534851,0,0.00106269925611052,0.00152538679450861,0.0020708221163802,0.00552631578947368,0,0.000629987400251995,0,0.00204174228675136,0,0,0,0.00136643133682532,0.00357964714906673,0.00197921820880752,0.00296442687747036,0.00571725571725572,0,0.00457500601974476,0.00360174942114741,0.00142979696883043,0,0,0,0.00194410692588092,0,0.00452488687782805,0.00528541226215645,0.00344644750795334,0.00573663624511082,0,0.00529367280060499,0.00494437577255871,0.0019559902200489,0.00461538461538462,0.00465766185374942,0.00590287094177623,0.00491591203104787,0.0118261826182618,0.00458468176914779,0.00586286005607953,0.00559796437659033,0.00588550026752274,0.00339065148946476,0.00319124686573969,0.00594206486754147,0.00426104507737161,0.00239234449760766,0.00419091967403958,0.00479825517993457,0.0028804608737398,0.00133570792520036,0,0.0017734426956329,0.0028678579307302,0.00453677172874881,0,0.00233100233100233,0.00321469575200919,0.00540818954416688,0.00220372184133203,0,0,0.00406137184115523,0.00431861804222649,0.00168161434977578,0,0,0.00386847195357834,0.000686341798215511,0.00283505154639175,0.00136767722817415,0.0022140221402214,0.00287081339712919,0.00147275405007364,0.00382555470543229,0.00187705302674801,0.00553651463221724,0.004346644933442,0.0036745406824147,0.000461573967228248,0.00267594327000268,0.000533191149026926,0.00606520090978014,0.00420875420875421,0.00528071150639244,0.00552347476776299,0.00446428571428571,0.00789058390320884,0.00456490727532097
"17","GTGTCAGCAGCCGCGGTAATACGGAGGGTGCAAGCGTTAATCGGAATTACTGGGCGTAAAGCGCGCGTAGGTGGTTTTATAAGCTAGCTGTGAAAGCCCCGGGCTCAACCTGGGAACTGCAGTTAGAACTGTTTGACTAGAGTATGATAGAGGGTGGCGGAATTTCCTGTGTAGCGGTGAAATGCGTAGATATAGGAAGGAACATCAGTGGCGAAGGCGGCCACCTGGATTAATACTGACACTGAGGTGCGAAAGCGTGGGGAGCAAACAGGATTAGAAACCCTCGTAGTCC","SAR92 clade",0.00466321243523316,0.00567888487351575,0.00142112742775936,0,0.00336619379658572,0,0,0.00299081392864772,0.00259141952202707,0.00305021116846551,0.0055205047318612,0.00144383482529599,0.00113798008534851,0.00364880273660205,0.000637619553666312,0,0,0.00368421052631579,0.00219876868953386,0,0,0.00340290381125227,0.00172637030643073,0.00277008310249307,0,0.00159416989296288,0.00434671439529532,0,0.00518774703557312,0.00441787941787942,0,0.00385263664820612,0.00257267815796244,0.00228767515012868,0.00390984360625575,0.00253690036900369,0,0.00510328068043742,0.00864553314121038,0.00346020761245675,0,0.00742311770943796,0.00573663624511082,0,0.00403327451474666,0.00791100123609394,0.00635696821515892,0.00846153846153846,0.00419189566837448,0.00482962167963509,0,0,0.00593311758360302,0.00815702268671935,0.00712468193384224,0,0,0,0,0,0,0,0,0.00168026884301488,0.00222617987533393,0,0,0,0.00310410697230181,0,0.00186480186480186,0.00137772675086108,0.0056657223796034,0.00220372184133203,0.00348999534667287,0,0,0,0.00168161434977578,0,0,0.00169245647969052,0.00251658659345687,0.00515463917525773,0,0.0029520295202952,0,0.00540009818360334,0,0.00211168465509151,0.00500922752438703,0.00733496332518337,0.0026246719160105,0,0.00294353759700294,0.00239936017062117,0.0027798837503159,0.005331088664422,0.00444691495275153,0,0.00753348214285714,0.0102577590741715,0.0105563480741797
"18","GTGTCAGCAGCCGCGGTAATACGGAGGGTGCAAGCGTTGTCCGGAATCATTGGGTGTAAAGGGTACGTAGGCGGGAGCCTAAGTCTGGGGTGAAATCTTGCCGCTTAACGGTAAAATGGCCTTGGATACTGGGTTTCTTGAGTGCAGAAGAGGCAGGTGGAATTCGTGGTGTAGCGGTGAAATGCATAGATATCACGAAGAACATCAGTGGCGAAGGCGGCCTGCTGGTCTGCAACTGACGCTGAGGTACGAAAGCGTGGGGAGCGAACAGGATTAGAAACCCTCGTAGTCC","Balneola",0.00259067357512953,0.0103252452245741,0.00307910942681194,0.0039147455415398,0.00504929069487858,0.00408719346049046,0.00780727191612759,0.00277718436231574,0.00403109703426432,0.000469263256687001,0.00394321766561514,0.00924054288189431,0.00256045519203414,0.00205245153933865,0.00127523910733262,0,0,0.00789473684210526,0.00307827616534741,0,0.00409218177902218,0,0,0.00255699978691668,0,0.000683215668412662,0.00588084888775249,0.00173181593270658,0.00518774703557312,0.00415800415800416,0.00304592314901593,0.000963159162051529,0.00360174942114741,0.00285959393766085,0.00436982520699172,0.00853321033210332,0.0051980198019802,0.00753341433778858,0.00550170290804297,0.00638807559222784,0.00766384778012685,0.00371155885471898,0.00208604954367666,0,0,0.00815822002472188,0.0058679706601467,0.00358974358974359,0,0.00482962167963509,0,0.00797579757975798,0,0,0.00483460559796438,0.00240770465489567,0.00266408331315088,0.0027353544563483,0.00371379054221342,0.00224265530387979,0.00372142477405635,0,0,0.00384061449831973,0.00155832591273375,0,0.00221680336954112,0,0.00978987583572111,0,0.00303030303030303,0.0052812858783008,0.00824105073396858,0.00220372184133203,0,0,0.00315884476534296,0.0050383877159309,0.00532511210762332,0.00429087624209575,0,0.00652804642166344,0.00366048959048273,0.00695876288659794,0.00159562343286984,0.00713407134071341,0,0.000736377025036819,0.00229533282325937,0.0011731581417175,0.00079093066174532,0.00353164900842162,0.00183727034120735,0.00300023078698361,0.00347872625100348,0.000533191149026926,0,0.00224466891133558,0.00361311839911062,0,0.00251116071428571,0.00578642819568648,0
"19","GTGTCAGCAGCCGCGGTAATACGGAGGGTGCGAGCGTTAATCGGAATTACTGGGCGTAAAGCGCATGCAGGTGGTTTGTTAAGTCAGATGTGAAAGCCCGGGGCTCAACCTCGGAATAGCATTTGAAACTGGCAGACTAGAGTACTGTAGAGGGGGGTAGAATTTCAGGTGTAGCGGTGAAATGCGTAGAGATCTGAAGGAATACCGGTGGCGAAGGCGGCCCCCTGGACAGATACTGACACTCAGATGCGAAAGCGTGGGGAGCAAACAGGATTAGAAACCCCCGTAGTCC","Vibrio",0.00284974093264249,0,0,0,0,0,0,0.00405896176030763,0,0,0,0,0.000284495021337127,0,0.00340063761955367,0,0,0,0,0,0,0,0,0,0,0,0,0,0.00222332015810277,0.00285862785862786,0,0,0,0,0,0,0,0,0,0.00212935853074261,0.00766384778012685,0,0,0,0,0,0,0,0,0,0,0,0,0,0,0,0,0,0,0,0,0.00162980209545984,0,0,0,0,0,0,0,0.00155073105892778,0,0,0,0,0.0667752442996743,0,0.0148916967509025,0,0,0,0,0,0,0.00438144329896907,0.00113973102347846,0,0.00382775119617225,0,0.00255036980362153,0,0.00184550487740575,0,0.0031496062992126,0,0.00428150923200428,0.00186616902159424,0,0,0,0,0,0.00184113624408206,0
"20","GTGTCAGCAGCCGCGGTAATACGGAGGGTGCGAGCGTTAATCGGAATTACTGGGCGTAAAGCGCGCGTAGGCGGCTTTGTAAGTCGGATGTGAAATCCCCGGGCTTAACCTGGGAACTGCATTCGATACTGCATAACTAGAGTATGGTAGAGGGAAGTGGAATTTCCGGTGTAGCGGTGAAATGCGTAGATATCGGAAGGAACACCAGTGGCGAAGGCGACTTCCTGGGCCAATACTGACGCTGAGGTGCGAAAGCGTGGGGAGCAAACAGGATTAGAAACCCCAGTAGTCC","Woeseia",0.00362694300518135,0,0.00852676456655613,0,0,0,0,0,0.0273538727325079,0,0,0.000288766965059197,0.00341394025604552,0,0,0,0,0,0.00879507475813544,0,0,0,0,0,0.00352770284291347,0.00250512411751309,0,0,0,0.00285862785862786,0,0.00915001203948953,0.00823257010547981,0.00057191878753217,0,0,0.00272277227722772,0.00194410692588092,0.00183390096934766,0,0.0023784355179704,0.00450689289501591,0,0.00735474380975729,0.00302495588606,0.00271940667490729,0,0.00538461538461538,0,0,0.007503234152652,0,0.0177993527508091,0,0,0.0165864098448368,0.00339065148946476,0.00113973102347846,0.00148551621688537,0,0,0,0,0,0,0,0,0,0,0.0024368630926008,0,0,0,0,0,0,0,0,0,0,0,0,0,0.00309278350515464,0,0.0004920049200492,0,0,0.00943636827339964,0,0,0.00135832654170062,0.00026246719160105,0,0,0.00133297787256732,0,0.0134680134680135,0,0,0,0,0.00542082738944365
"21","GTGTCAGCAGCCGCGGTAATACGGAGGGTGCGAGCGTTAATCGGAATTACTGGGCGTAAAGCGCGCGTAGGTGGTCTGTTAAGTCGGATGTGAAAGCCCCGGGCTCAACCTGGGAACTGCATCCGATACTGGCAGACTAGAGTGCGGGAGAGGGAGGTAGAATTCCACGTGTAGCGGTGAAATGCGTAGATATGTGGAGGAATACCAGTGGCGAAGGCGGCCTCCTGGCTCGACACTGACACTGAGGTGCGAAAGCGTGGGGAGCAAACAGGATTAGAAACCCTCGTAGTCC","OM60(NOR5) clade",0.0230569948186529,0.0629839958699019,0.012553292278541,0.0224010439321444,0.0266891079586439,0.0245231607629428,0.0249832701316083,0.0132450331125828,0.0443420673769076,0.0164242139840451,0.0273396424815983,0.0794109153912792,0.0193456614509246,0.0100342075256556,0.0121147715196599,0.0196121159293964,0.010561192793539,0.0560526315789474,0.0105540897097625,0,0.0075382295929356,0.0190562613430127,0.00906344410876133,0.00703174941402088,0.00871550114131563,0.00774311090867684,0.0304270007670672,0.0185551707075705,0.0298913043478261,0.0267671517671518,0.0381911902530459,0.0190223934505177,0.0198096218163108,0.0311695739205033,0.0321987120515179,0.0392066420664207,0.0430693069306931,0.0369380315917375,0.0521351847000262,0.0441841895129092,0.0433403805496829,0.0304878048780488,0.0391134289439374,0.040696249080657,0.0438618603478699,0.0489493201483313,0.0354523227383863,0.0453846153846154,0.0374941779226828,0.0305876039710223,0.0369987063389392,0.033003300330033,0.0315533980582524,0.0275299515676778,0.033587786259542,0.0224719101123595,0.0217970452894163,0.0120811488488717,0.0292151522654122,0.0190625700829782,0.0324295587453482,0.0223515715948778,0.0300981461286805,0.0206433029284686,0.0117987533392698,0.0128571428571429,0.015739303923742,0.0269137436576219,0.0427411652340019,0.0230394328754985,0.0293706293706294,0.035361653272101,0.0458408447077002,0.034769833496572,0.0132619823173569,0.013692480359147,0.0191787003610108,0.0314299424184261,0.0260650224215247,0.010840108401084,0.011001100110011,0.0227272727272727,0.0169297643559826,0.0252577319587629,0.0145885571005243,0.0223862238622386,0.0270334928229665,0.0164457535591556,0.0252486610558531,0.0194744251525106,0.0292644344845769,0.0306981798424341,0.0241469816272966,0.0161550888529887,0.0286325929890286,0.0135963743001866,0.0318423047763457,0.0443322109988777,0.0316842690383546,0.0414260607582224,0.0412946428571429,0.0533929510783798,0.0582025677603424
"22","GTGTCAGCAGCCGCGGTAATACGGAGGGTGCGAGCGTTAATCGGAATTACTGGGCGTAAAGCGTGCGTAGGCGGTTTGATAAGCCAGATGTGAAATCCCGGGGCTTAACCTCGGAACTGCATTTGGAACTGTTTGACTAGAGTACTGTAGAGGGTGGTGGAATTTCCAGTGTAGCGGTGAAATGCGTAGAGATTGGAAGGAACATCAGTGGCGAAGGCGGCCACCTGGACAGATACTGACGCTGAGGCACGAAAGCGTGGGGAGCGAACAGGATTAGAAACCCCCGTAGTCC","Thalassotalea",0,0,0,0,0.000240442414041837,0,0,0,0,0,0,0,0.0409672830725462,0,0,0,0,0,0,0,0.0111996553952186,0.0029491833030853,0,0,0,0.000455477112275108,0,0.000989609104403761,0,0,0.0538894095595127,0,0.0023154103421662,0,0,0,0,0,0,0,0,0,0,0,0,0,0,0,0,0,0,0,0,0,0.0536895674300254,0.186998394863563,0,0,0,0,0,0,0,0,0,0,0,0,0,0,0.000699300699300699,0,0,0,0,0,0,0,0.000280269058295964,0,0,0,0,0,0,0,0,0.000736377025036819,0,0,0,0,0,0,0.00133797163500134,0,0,0.00925925925925926,0,0,0,0,0
"23","GTGTCAGCAGCCGCGGTAATACGGGAGTGGCAAGCGTTATCCGGAATTATTGGGCGTAAAGCGTCCGCAGGCGGCCCTTCAAGTCTGCTGTTAAAAAGTGGAGCTTAACTCCATCATGGCAGTGGAAACTGTTGGGCTTGAGTGTGGTAGGGGCAGAGGGAATTCCCGGTGTAGCGGTGAAATGCGTAGATATCGGGAAGAACACCAGTGGCGAAGGCGCTCTGCTGGGCCATCACTGACGCTCATGGACGAAAGCCAGGGGAGCGAAAGGGATTAGAAACCCCCGTAGTCC","Synechococcus CC9902",0.312953367875648,0.409654104284977,0.2063003315964,0.285123966942149,0.352969463813417,0.364895549500454,0.294668748605844,0.169621875667592,0.309242729628563,0.202252463632098,0.341745531019979,0.415246895755126,0.28221906116643,0.179931584948689,0.126886291179596,0.129439965134016,0.154069165458687,0.433157894736842,0.163368513632366,0.118227635447291,0.0889511091966401,0.346415607985481,0.141346568839016,0.0956744086937993,0.0813446773189458,0.123206558870417,0.529532088979801,0.689015338941118,0.562005928853755,0.52962577962578,0.497188378631678,0.635203467372983,0.646771288911757,0.546182442093223,0.648344066237351,0.566420664206642,0.498762376237624,0.565492102065614,0.500392978779146,0.577322331647591,0.501321353065539,0.568928950159067,0.494915254237288,0.548418730080902,0.584572724981094,0.542892459826947,0.624205378973105,0.506153846153846,0.631346064275734,0.576334853769788,0.517205692108668,0.514851485148515,0.512675296655879,0.485342849859801,0.46234096692112,0.357677902621723,0.166626301767983,0.141554593116025,0.242139143352315,0.159228526575465,0.338649654439128,0.242607683352736,0.183860414394766,0.314450312049928,0.271371326803206,0.190204081632653,0.219020172910663,0.436576218839621,0.535577841451767,0.204031900753212,0.57039627039627,0.371526980482204,0.580736543909348,0.516405484818805,0.119357840856212,0.208305274971942,0.279106498194946,0.487284069097889,0.396580717488789,0.451219512195122,0.242684268426843,0.478723404255319,0.472203157172272,0.387628865979381,0.190107134716207,0.447970479704797,0.335167464114833,0.294305351006382,0.358581994389186,0.237212576255279,0.409174795676246,0.367019831567509,0.360892388451444,0.257327486729748,0.401123896173401,0.224473473740336,0.538539297447561,0.493827160493827,0.575319622012229,0.48506151142355,0.481305803571429,0.494739610731194,0.416262482168331
"24","GTGTCAGCAGCCGCGGTAATACGGGAGTGGCAAGCGTTATCCGGAATTATTGGGCGTAAAGCGTCCGCAGGCGGCTTTTCAAGTCTGCTGTTAAAGCGTGGAGCTTAACTCCATCATGGCAGTGGAAACTGAAAGGCTTGAGTATGGTAGGGGCAGAGGGAATTCCCGGTGTAGCGGTGAAATGCGTAGATATCGGGAAGAACACCAGTGGCGAAGGCGCTCTGCTGGGCCATTACTGACGCTCATGGACGAAAGCCAGGGGAGCGAAAGGGATTAGAAACCCCCGTAGTCC","Prochlorococcus MIT9313",0.0129533678756477,0.00877645844088797,0.00378967314069162,0.00500217485863419,0.0141861024284684,0.0172570390554042,0.0209681017175998,0.00598162785729545,0.0155485171321624,0.00915063350539653,0.0160357518401682,0.0101068437770719,0.0108108108108108,0.0145952109464082,0.00595111583421892,0.0161255175419481,0,0.0147368421052632,0.00703605980650836,0.00335993280134397,0.00624596166271807,0.00952813067150635,0.00561070349589987,0.00277008310249307,0.0045652625025939,0.00387155545433842,0.0219892610585528,0.0106382978723404,0.0187747035573123,0.0231288981288981,0.0335051546391753,0.0151697568023116,0.00617442757910985,0.0177294824134973,0.016329346826127,0.0249077490774908,0.0284653465346535,0.0155528554070474,0.0429656798532879,0.0423210007985095,0.0377906976744186,0.0445387062566278,0.0482398956975228,0.0443736209855357,0.0395765061759516,0.0479604449938195,0.0185819070904645,0.0525641025641026,0.019795062878435,0.0354172256506574,0.0388098318240621,0.0423542354235424,0.0275080906148867,0.0341575325006373,0.0269720101781171,0.0214018191546281,0.00775006054734803,0.00136767722817415,0.00643723693983659,0.00313971742543171,0.00691121743753323,0.00419091967403958,0,0.0324051848295727,0.0106856634016028,0.0157142857142857,0.0188428286410995,0.013677476285021,0.0202960840496657,0.0325653522374834,0.0228438228438228,0.0273249138920781,0.0291012104043266,0.0159157688540646,0.0269892973476035,0.0202020202020202,0.0399368231046931,0.0177543186180422,0.031109865470852,0.0408762420957543,0.0193619361936194,0.0161992263056093,0.010752688172043,0.0291237113402062,0.0134488260770458,0.0100861008610086,0.0351674641148325,0.0267550319096711,0.0165774037235399,0.0192397935241671,0.0261007118375956,0.0350448247758761,0.0325459317585302,0.0186937456727441,0.0264918383730265,0.018395094641429,0.0419509729593126,0.0260942760942761,0.0330739299610895,0.0431835300025107,0.0418526785714286,0.054445028932141,0.0553495007132668
"25","GTGTCAGCAGCCGCGGTAATACGTAGGGGGCGAGCGTTGTCCGGATTTATTGGGCGTAAAGAGCTCGTAGGCGGTTCAACAAGTCGGTCGTGAAAGTTCAGGGCTCAACCCTGAAATGTCGATCGATACTGTTGTGACTAGGATACGGTAGAGGTGAGTGGAATTCCGAGTGTAGCGGTGAAATGCGTAGATATTCGGAGGAACACCAATTGCGAAGGCAGCTCACTGGGCCGCTATCGACGCTGAGGAGCGAAAGCTAGGGGAGCAAACAGGATTAGAAACCCCCGTAGTCC","Candidatus Actinomarina",0.0474093264248705,0.0684047496128033,0.0165798199905258,0.0404523705959113,0.0524164462611205,0.0474568574023615,0.0575507472674548,0.021790215765862,0.0403109703426432,0.0185358986391366,0.0431125131440589,0.10424487438637,0.0284495021337127,0.0218928164196123,0.00913921360255048,0.0213554151231205,0.0219507144336302,0.116315789473684,0.0406772207563764,0.0140697186056279,0.0221839328020676,0.0317604355716878,0.0237375917134225,0.0232260813978265,0.0190910977381199,0.0118424049191528,0.0452569675274866,0.0257298367144978,0.0358201581027668,0.0374220374220374,0.0203842549203374,0.0260052973753913,0.0241831746848469,0.0580497569345153,0.0565777368905244,0.0541974169741697,0.0698019801980198,0.0656136087484812,0.0571129159025413,0.0433856800638808,0.0428118393234672,0.0485153764581124,0.0474576271186441,0.0583476342240745,0.0494076128056466,0.0620519159456119,0.0518337408312958,0.0553846153846154,0.0428504890544946,0.055004024684733,0.0558861578266494,0.0734323432343234,0.0558252427184466,0.0591384144787153,0.0330788804071247,0.0168539325842697,0.0142891741341729,0.00934579439252336,0.0198068828918049,0.010989010989011,0.0239234449760766,0.0111757857974389,0.0259541984732824,0.0386461833893423,0.0233748886910062,0.0108163265306122,0.025714919086677,0.0478711669975734,0.0978987583572111,0.0376606114311032,0.0599067599067599,0.0332950631458094,0.0885912953901623,0.0810479921645446,0.0204746393671475,0.028956228956229,0.0500902527075812,0.0726967370441459,0.0667040358744395,0.0596205962059621,0.0266226622662266,0.0531914893617021,0.0487302676733013,0.0757731958762887,0.0291771142010486,0.0939729397293973,0.0258373205741627,0.0267550319096711,0.0331548074470798,0.0164242139840451,0.0358555233324545,0.036946481934257,0.0288713910761155,0.0396953611816294,0.046026224244046,0.0239936017062117,0.0591357088703563,0.047979797979798,0.0508615897720956,0.0788350489580718,0.0560825892857143,0.0597054182009469,0.0641940085592011
"26","GTGTCAGCCGCCGCGGTAACACGTAAGGTGCGAGCGTTGTTCGGAATTATTGGGCGTAAAGGGCTCGTAGGCGGTCTGCCAAGTCTTTCGTGAAAGACCGGGGCTCAACCCTGGGGATGCGAGGGAAACTGGCAAGCTGGAATCCTGGATGGGGTACTGGAATTCCTGGTGTAGGGGTGAAATCTGTTGATATCAGGAAGAACACCGGAGGCGAAAGCGAGTACCTGGCCAAAGATTGACGCTGATGAGCGAAAGCGTAGGGAGCGAACAGGATTAGAAACCCCCGTAGTCC","Spirochaeta 2",0,0,0,0,0,0,0,0,0,0,0,0,0,0,0,0,0,0,0,0,0,0,0,0,0,0,0,0,0,0.00025987525987526,0,0,0,0,0,0,0,0,0,0,0.0137420718816068,0,0,0,0.0325182757751449,0,0,0,0.0260829063809967,0.000268312315535283,0.0258732212160414,0,0.0180690399137001,0.0175885801682386,0,0.007223113964687,0,0,0,0,0,0,0,0.00816130580892943,0.0100178094390027,0,0.00576368876080692,0.00838296933598059,0.00214899713467049,0.011298183429331,0.0013986013986014,0,0,0.00171400587659158,0.0027919962773383,0.00808080808080808,0.0148916967509025,0.00431861804222649,0,0,0.0178217821782178,0,0,0,0,0.0004920049200492,0.00837320574162679,0.00760922925871379,0.00408059168579444,0.00469263256687001,0.00922752438702874,0.0122249388753056,0.0102362204724409,0.0076159704592661,0.00749264115600749,0.0050653159157558,0,0,0,0.02686417273412,0,0,0
"27","GTGTCAGCCGCCGCGGTAATACAGAGGTGGCAAACGTTGTTCGGATTTACTGGGCGTAAAGGGTCCGCAGGCGGTCTTGTGTGTCGGATGTGAAAGCTCACGGCTCAACCGTGGAATTGCATTCGAAACTGCAAGACTAGAGTACTGGAGGGGAGAAGGGAACACTTGGTGTAGCGGTGAAATGCGTAGATATCAAGTGGAACACCGGAGGCGAAGGCGCTTCTCTGGACAGATACTGACGCTCATGGACGAAAGTTAGGGTAGCGAAAGGGATTAGAAACCCCCGTAGTCC","R76-B128",0.00103626943005181,0,0,0,0,0,0,0,0.00345522602936942,0,0.0010515247108307,0.000577533930118394,0,0.000228050171037628,0,0,0,0.000263157894736842,0,0,0,0,0,0,0,0,0,0,0,0.00155925155925156,0,0,0,0.00171575636259651,0,0,0,0.000972053462940462,0.00235787267487556,0.00212935853074261,0.00290697674418605,0.000530222693531283,0.00182529335071708,0,0,0,0.000488997555012225,0,0.00186306474149977,0,0,0,0.00215749730312837,0,0.00152671755725191,0.00374531835205993,0,0.00136767722817415,0.00198068828918049,0,0.00292397660818713,0.00069848661233993,0.00152671755725191,0,0.00133570792520036,0,0,0.00132362673726009,0.00143266475644699,0,0.000932400932400932,0.00068886337543054,0.00231779551892866,0,0.000697999069334574,0.00246913580246914,0,0.00119961612284069,0,0,0,0,0.000686341798215511,0.00103092783505155,0.000227946204695692,0.0002460024600246,0,0,0.00255036980362153,0,0.000527287107830214,0.0010866612333605,0,0.00138472190168474,0.00214075461600214,0.00133297787256732,0.00151630022744503,0.00252525252525253,0,0.00301280441877981,0,0,0.00228245363766049
"28","GTGTCAGCCGCCGCGGTAATACGGAGGGTGCGAGCGTTAATCGGAATTACTGGGCGTAAAGCGCATGCAGGTGGTTTGTTAAGTCAGATGTGAAAGCCCGGGGCTCAACCTCGGAATAGCATTTGAAACTGGCAGACTAGAGTACTGTAGAGGGGGGTAGAATTTCAGGTGTAGCGGTGAAATGCGTAGAGATCTGAAGGAATACCGGTGGCGAAGGCGGCCCCCTGGACAGATACTGACACTCAGATGCGAAAGCGTGGGGAGCAAACAGGATTAGAAACCCTCGTAGTCC","Catenococcus",0,0.00206504904491482,0.00355281856939839,0,0,0.00794732061762034,0,0.00427259132663961,0.00489490354160668,0.0011731581417175,0,0,0.00369843527738265,0,0,0,0.0010354110581901,0,0.00505716798592788,0,0,0.00204174228675136,0,0,0.00186760738742478,0.00273286267365065,0.00204551265660956,0.0049480455220188,0.0024703557312253,0,0.0156982193064667,0.00288947748615459,0.00308721378955493,0.000285959393766085,0.00482980680772769,0,0.00247524752475248,0,0,0.000266169816342827,0.00396405919661734,0,0,0,0,0,0,0.00333333333333333,0,0.00295143547088811,0,0,0,0,0.0099236641221374,0.00936329588014981,0,0,0.00247586036147561,0,0.00212652844231792,0,0,0,0,0,0,0,0,0,0,0.00160734787600459,0.00103013134174607,0,0.245463006049325,0.000673400673400673,0.0304602888086643,0.000959692898272553,0,0,0,0.00241779497098646,0,0,0,0.000984009840098401,0,0.000490918016691213,0.00739607243050242,0.000469263256687001,0,0,0,0,0,0.00293255131964809,0.0045489006823351,0.0115039281705948,0.00111172873818788,0,0.00558035714285714,0,0
"29","GTGTCAGCCGCCGCGGTAATACGGGAGTGGCAAGCGTTATCCGGAATTATTGGGCGTAAAGCGTCCGCAGGCGGCCTGAAAAGTCTGCTGTTAAAGCGTGGAGCTTAACTCCATTTCAGCAGTGGAAACTGTCAGGCTTGAGTGTGGTAGGGGCAGAGGGAATTCCCGGTGTAGCGGTGAAATGCGTAGATATCGGGAAGAACACCAGTGGCGAAAGCGCTCTGCTGGGCCATAACTGACGCTCATGGACGAAAGCCAGGGGAGCGAAAGGGATTAGATACCCCCGTAGTCC","Cyanobium PCC-6307",0.00829015544041451,0.00800206504904491,0.00378967314069162,0.00369725967812092,0.00913681173358981,0.0102179836512262,0.0102609859469106,0,0,0.00656968559361802,0.00446898002103049,0.00808547502165752,0.00568990042674253,0.00182440136830103,0,0,0,0.0102631578947368,0,0.00251994960100798,0.00323066982554383,0.0102087114337568,0.00474751834268451,0,0,0.00182190844910043,0.00971618511889542,0.0098960910440376,0.0138339920948617,0.0109147609147609,0,0.00866843245846376,0.0133779264214047,0.00600514726908779,0.0140294388224471,0.00784132841328413,0.0148514851485149,0.0111786148238153,0.00864553314121038,0.00851743412297046,0.0103065539112051,0.00901378579003181,0.00469361147327249,0,0.0123519032014116,0.00593325092707046,0.0097799511002445,0.0112820512820513,0.0139729855612483,0.00563455862624094,0.0124191461836999,0,0.011866235167206,0,0.0089058524173028,0.00642054574638844,0.00145313635262775,0.00113973102347846,0.0076751671205744,0.00381251401659565,0.00744284954811271,0.00535506402793946,0,0.00864138262121939,0.00534283170080142,0,0.00487696741299047,0,0.00907354345749761,0.00354452813469207,0.00885780885780886,0.00780711825487945,0.0084985835694051,0.00489715964740451,0.00418799441600745,0.00493827160493827,0,0.00911708253358925,0.00616591928251121,0,0,0.0130560928433269,0.00846488217799131,0.011340206185567,0.00501481650330522,0.00762607626076261,0.00526315789473684,0.00589101620029455,0.00663096148941597,0.00187705302674801,0.00474558397047192,0.00570497147514262,0.0041994750656168,0,0.00561948086700562,0.00186616902159424,0.00606520090978014,0.00308641975308642,0.00861589772095609,0,0.00446428571428571,0,0.00884450784593438
"30","GTGTCAGCCGCCGCGGTAATACGTAGGGTGCGAGCGTTAATCGGAATTACTGGGCGTAAAGCGTGCGCAGGCGGTTTTGTAAGTCAGATGTGAAATCCCCGAGCTTAACTTGGGAACTGCGTTTGAAACTACAAGACTAGAGTGTGTCAGAGGGGGGTAGAATTCCACGTGTAGCAGTGAAATGCGTAGAGATGTGGAGGAATACCAATGGCGAAGGCAGCCCCCTGGGATAACACTGACGCTCATGCACGAAAGCGTGGGGAGCGAACAGGATTAGATACCCCCGTAGTCC","OM43 clade",0.00207253886010363,0.00232318017552917,0.000473709142586452,0,0.000961769656167348,0.00476839237057221,0,0,0,0.00187705302674801,0.00236593059936909,0.00173260179035518,0.00142247510668563,0.0015963511972634,0.00276301806588735,0,0.00020708221163802,0.00131578947368421,0,0,0,0,0,0.000852333262305561,0,0,0,0.0024740227610094,0.00345849802371542,0.00311850311850312,0.00304592314901593,0.00216710811461594,0.00308721378955493,0.000857878181298256,0,0,0.00297029702970297,0.00243013365735115,0.00340581608593136,0.00212935853074261,0.00369978858350951,0,0.00286831812255541,0.00367737190487865,0.002268716914545,0.00296662546353523,0.00146699266503667,0,0.00209594783418724,0,0.00258732212160414,0,0.000809061488673139,0,0.00229007633587786,0,0.00387503027367401,0.00205151584226123,0.00792275315672196,0.00224265530387979,0.00770866560340245,0.00558789289871944,0,0.0014402304368699,0.00111308993766696,0.00102040816326531,0.00155176235867879,0.00485329803662034,0.00167144221585482,0.000886132033673017,0,0.00206659012629162,0.00154519701261911,0.000734573947110676,0,0,0,0.00143953934740883,0.00280269058295964,0,0,0.00145067698259188,0,0.00257731958762887,0.00296330066104399,0.000984009840098401,0,0.000981836033382425,0,0.0011731581417175,0.00184550487740575,0.00162999185004075,0.0005249343832021,0,0,0.00106638229805385,0,0.00336700336700337,0.00250138966092273,0,0.00223214285714286,0.00289321409784324,0
